gebied_niveau;gebied_code;gebied_naam;peildatum_gebiedsindeling;peildatum_gegevens;gem_afstand_naar_alle_groen;gem_afstand_naar_gedenkpark;gem_afstand_naar_landschap;gem_afstand_naar_natuurgebied;gem_afstand_naar_natuurpark;gem_afstand_naar_parkachtig_groen;gem_afstand_naar_sportpark;gem_afstand_naar_stadspark;gem_afstand_naar_stadsplantsoen;gem_afstand_naar_tuinpark
buurt;AA01;Planciusbuurt-Noord;20220324;20230101;390;1779;4132;7142;3768;528;1330;528;390;1556
buurt;AA02;Westelijke eilanden;20220324;20230101;356;1993;4403;7412;3613;597;1545;741;356;1762
buurt;AA03;Westerdokseiland;20220324;20230101;406;2497;4592;7601;3023;406;2087;1180;406;2057
buurt;AA04;Planciusbuurt-Zuid;20220324;20230101;132;1499;4422;7431;3657;269;1065;269;132;1345
buurt;AA05;Haarlemmerbuurt-West;20220324;20230101;446;1816;4674;7683;3341;589;1388;589;446;1666
buurt;AA06;Haarlemmerbuurt-Oost;20220324;20230101;885;2296;5037;7908;2933;979;1864;1026;885;2055
buurt;AB01;Marnixbuurt-Noord;20220324;20230101;128;1691;4859;7869;3885;380;1310;351;142;1663
buurt;AB02;Driehoekbuurt;20220324;20230101;318;1875;4943;7952;3568;699;1473;652;318;1826
buurt;AB03;Anjeliersbuurt-Noord;20220324;20230101;449;2021;5159;8169;3596;855;1636;617;454;2013
buurt;AB04;Zaagpoortbuurt;20220324;20230101;195;1944;5432;8441;4138;462;1664;384;207;2027
buurt;AB05;Anjeliersbuurt-Zuid;20220324;20230101;489;2106;5397;8407;3769;768;1785;548;500;2145
buurt;AB06;Marnixbuurt-Midden;20220324;20230101;190;2172;5586;8848;4367;780;1633;691;190;2299
buurt;AB07;Bloemgrachtbuurt;20220324;20230101;377;2261;5669;8715;3989;1110;1834;719;377;2247
buurt;AB08;Groenmarktkadebuurt;20220324;20230101;376;2353;5458;9034;4474;961;1803;872;376;2448
buurt;AB09;Marnixbuurt-Zuid;20220324;20230101;464;2925;4872;9257;4553;464;1450;735;464;2210
buurt;AB10;Elandsgrachtbuurt;20220324;20230101;612;2604;5389;8940;4150;1240;1914;1030;612;2181
buurt;AB11;Passeerdersgrachtbuurt;20220324;20230101;596;2981;4909;9053;4340;596;1588;830;596;2016
buurt;AC01;Langestraat e.o.;20220324;20230101;965;2489;5234;8062;3106;1189;2016;1091;965;2070
buurt;AC02;Leliegracht e.o.;20220324;20230101;926;2572;5524;8294;3401;2146;1981;1026;926;1910
buurt;AC03;Felix Meritisbuurt;20220324;20230101;942;2902;5313;8569;3774;1165;1938;1222;942;1806
buurt;AC04;Leidsegracht-Noord;20220324;20230101;774;3204;4945;8767;4063;774;1790;983;774;1727
buurt;AD01;Stationsplein e.o.;20220324;20230101;829;3014;4817;7294;2474;829;1542;905;829;1617
buurt;AD02;Hemelrijk;20220324;20230101;946;2682;4951;7687;2746;946;1894;1023;946;1809
buurt;AD03;Nieuwendijk-Noord;20220324;20230101;963;2850;4963;7549;2737;963;1711;1039;963;1607
buurt;AD04;Spuistraat-Noord;20220324;20230101;1164;2827;5219;7906;3014;1452;1836;1247;1164;1703
buurt;AD05;Nieuwe Kerk e.o.;20220324;20230101;1203;2970;5211;7780;2976;1211;1682;1280;1203;1550
buurt;AD06;Spuistraat-Zuid;20220324;20230101;1173;3187;5218;8281;3490;1217;1663;1394;1173;1517
buurt;AD07;Begijnhofbuurt;20220324;20230101;1182;3317;5085;8208;3423;1281;1518;1308;1189;1375
buurt;AD08;Kalverdriehoek;20220324;20230101;931;3598;4794;8270;3642;940;1445;1087;931;1218
buurt;AE01;Kop Zeedijk;20220324;20230101;1114;3150;4936;7312;2517;1129;1379;1173;1122;1292
buurt;AE02;Oude Kerk e.o.;20220324;20230101;1194;3254;5241;7633;2838;1571;1359;1206;1227;1226
buurt;AE03;Burgwallen-Oost;20220324;20230101;1010;3432;5200;7603;2809;2076;1157;1010;1056;1024
buurt;AE04;Nes e.o.;20220324;20230101;1104;3382;5149;7978;3201;2471;1274;1127;1134;1143
buurt;AE05;BG-terrein e.o.;20220324;20230101;935;3590;5020;7915;3207;2287;1132;984;960;987
buurt;AF01;Oosterdokseiland;20220324;20230101;1025;3530;4763;6773;2345;1042;1085;1312;1042;1368
buurt;AF02;Lastage;20220324;20230101;1005;3509;5023;7260;2605;1596;1069;1043;1055;1064
buurt;AF03;Scheepvaarthuisbuurt;20220324;20230101;845;3655;5036;7113;2625;1519;845;955;1134;1035
buurt;AF04;Rapenburg;20220324;20230101;438;3866;4902;6782;3018;1510;438;548;753;605
buurt;AF05;Nieuwmarkt;20220324;20230101;791;3667;5246;7430;2832;2673;930;791;845;805
buurt;AF06;Uilenburg;20220324;20230101;529;3940;5229;7110;3137;2480;587;575;685;618
buurt;AF07;Valkenburg;20220324;20230101;228;3777;5074;6954;3346;1343;269;287;438;345
buurt;AF08;Zuiderkerkbuurt;20220324;20230101;712;3787;5135;7672;3104;2913;895;747;739;755
buurt;AF09;Waterloopleinbuurt;20220324;20230101;318;3906;5176;7397;3384;1626;567;419;329;378
buurt;AG01;Leidsegracht-Zuid;20220324;20230101;619;3376;4773;8668;4084;619;1621;828;619;1601
buurt;AG02;Geelvinckbuurt;20220324;20230101;818;3661;4638;8282;3779;820;1455;948;818;1214
buurt;AG03;Rembrandtplein e.o.;20220324;20230101;640;3811;4746;7858;3602;1364;1031;738;647;795
buurt;AG04;Spiegelbuurt;20220324;20230101;534;3577;4473;8606;4198;534;1632;722;534;1610
buurt;AG05;Vijzelstraatbuurt;20220324;20230101;502;3595;4281;8188;4041;513;1536;534;523;1292
buurt;AG06;Amstelveldbuurt;20220324;20230101;377;3457;4517;7749;3933;434;1116;382;421;859
buurt;AH01;Leidsebuurt-Noordwest;20220324;20230101;322;3211;4582;8957;4399;322;1376;533;322;1890
buurt;AH02;Leidsebuurt-Noordoost;20220324;20230101;338;3421;4301;8778;4432;338;1431;445;338;1747
buurt;AH03;Weteringbuurt;20220324;20230101;267;3411;4028;8240;4311;277;1705;329;282;1416
buurt;AH04;Utrechtsebuurt-Zuid;20220324;20230101;176;3252;4316;7715;4158;227;1280;176;238;1010
buurt;AH05;Leidsebuurt-Zuidwest;20220324;20230101;211;3171;4608;9152;4567;211;1267;437;211;2066
buurt;AH06;Leidsebuurt-Zuidoost;20220324;20230101;201;3289;4197;8740;4558;199;1302;303;201;1660
buurt;AH07;Den Texbuurt;20220324;20230101;111;3252;3837;8111;4484;111;1791;231;123;1299
buurt;AH08;Frederikspleinbuurt;20220324;20230101;182;3032;4091;7699;4379;190;1578;206;218;1287
buurt;AJ01;Weesperbuurt;20220324;20230101;360;3523;4847;7150;3923;909;700;550;360;442
buurt;AJ02;Plantage;20220324;20230101;105;3198;4772;6653;3822;754;443;348;226;153
buurt;AJ03;Sarphatistrook;20220324;20230101;400;3125;4572;6873;4265;405;1015;431;512;660
buurt;AJ04;Alexanderplein e.o.;20220324;20230101;214;2674;4263;6143;3838;235;1038;235;555;226
buurt;AK01;Marine-Etablissement;20220324;20230101;515;4002;4135;6015;2794;1154;515;1505;1070;1479
buurt;AK02;Kattenburg;20220324;20230101;285;3856;4203;6083;3289;1507;285;1105;529;989
buurt;AK03;Wittenburg;20220324;20230101;338;3681;4158;6039;3497;1397;516;1264;345;939
buurt;AK04;Oostenburg;20220324;20230101;214;3358;3565;5446;3140;456;994;847;214;884
buurt;AK05;Czaar Peterbuurt;20220324;20230101;149;3261;3308;5189;2891;163;1220;570;149;783
buurt;AK06;Het Funen;20220324;20230101;127;3146;3335;5216;2990;128;1389;534;127;861
buurt;AK07;Kadijken;20220324;20230101;302;3276;4405;6285;3537;967;626;654;595;303
buurt;AK08;Kazernebuurt;20220324;20230101;262;2704;4002;5882;3587;387;1203;410;497;270
buurt;BA01;Afrikahaven;20220324;20230101;85;2997;2925;2485;1292;1127;85;1127;187;3615
buurt;BA02;Amerikahaven;20220324;20230101;;;;;;;;;;
buurt;BA03;Westhaven-Noord;20220324;20230101;1338;2639;6082;5568;3727;2218;3083;2218;2069;2163
buurt;BA04;Petroleumhaven;20220324;20230101;2797;3271;7271;6407;5439;3258;3343;3258;3316;2902
buurt;BA05;Vervoerscentrum;20220324;20230101;;;;;;;;;;
buurt;BA06;Westhaven-Zuid;20220324;20230101;394;2168;2955;7847;1082;504;1060;504;860;1155
buurt;BB01;Coenhaven;20220324;20230101;2942;2974;7464;8557;5673;2942;2981;2942;3567;3153
buurt;BB02;Vlothaven;20220324;20230101;;;;;;;;;;
buurt;BB03;Minervahaven-Noordoost;20220324;20230101;749;1597;4679;7688;4494;770;1604;754;1265;871
buurt;BB04;Minervahaven-Noordwest;20220324;20230101;684;788;5458;8226;4277;684;795;684;1309;895
buurt;BB05;Minervahaven-Zuidwest;20220324;20230101;;;;;;;;;;
buurt;BB06;Minervahaven-Zuidoost;20220324;20230101;662;1721;4506;7515;4321;662;1775;662;1138;894
buurt;BB07;Alfa-driehoek;20220324;20230101;;;;;;;;;;
buurt;BB08;Hemknoop-Noord;20220324;20230101;;;;;;;;;;
buurt;EA01;Isolatorbuurt;20220324;20230101;579;958;4973;8338;3182;579;773;579;1439;1125
buurt;EA02;Contactbuurt;20220324;20230101;567;790;4485;8595;2698;665;946;665;1104;658
buurt;EA03;Woon- en Groengebied Sloterdijk;20220324;20230101;235;434;4149;9103;2394;742;1422;1065;778;242
buurt;EB01;Hemknoop-Zuid;20220324;20230101;;;;;;;;;;
buurt;EB02;Overbraker Binnenpolder;20220324;20230101;76;149;5383;8411;3662;150;355;150;1236;562
buurt;EB03;Zaanstraat emplacement;20220324;20230101;;;;;;;;;;
buurt;EB04;Spaarndammerbuurt-Noordwest;20220324;20230101;151;960;4477;7487;4255;223;1033;223;326;267
buurt;EB05;Spaarndammerbuurt-Midden;20220324;20230101;127;1205;4316;7326;4131;247;1152;247;166;499
buurt;EB06;Spaarndammerbuurt-Zuidwest;20220324;20230101;143;1294;4323;7333;4134;246;920;246;154;725
buurt;EB07;Spaarndammerbuurt-Noordoost;20220324;20230101;219;1529;3935;6945;3750;232;1199;232;387;938
buurt;EB08;Zeeheldenbuurt;20220324;20230101;403;2051;3955;6965;3689;403;1650;679;409;1419
buurt;EB09;Westergasfabriek;20220324;20230101;34;251;5054;8443;3348;34;521;34;1189;427
buurt;EB10;Spaarndammerbuurt-Zuidoost;20220324;20230101;174;1406;4113;7122;3918;277;1005;277;174;1077
buurt;EC01;Houthavens-West;20220324;20230101;278;1471;4125;7135;3940;286;1464;278;752;682
buurt;EC02;Houthavens-Oost;20220324;20230101;343;2361;4209;7218;3701;343;2029;952;346;1692
buurt;ED01;Kolenkitbuurt-Noord;20220324;20230101;335;1133;3648;9441;1967;351;874;531;390;510
buurt;ED02;Kolenkitbuurt-Zuid;20220324;20230101;218;1534;3685;9818;2021;325;488;312;256;421
buurt;ED03;Laan van Spartaan;20220324;20230101;131;1950;3711;10212;2315;481;179;456;248;760
buurt;ED04;Robert Scottbuurt-West;20220324;20230101;301;1561;4063;10158;2425;401;577;401;313;771
buurt;EE01;Bosleeuw;20220324;20230101;306;919;4133;9674;2444;317;1017;581;313;775
buurt;EE02;Gibraltarbuurt;20220324;20230101;436;712;4340;9366;2633;528;1090;782;529;506
buurt;EE03;Bedrijventerrein Landlust;20220324;20230101;427;616;4793;9238;3087;555;1047;684;691;677
buurt;EE04;Landlust-Noord;20220324;20230101;447;947;4790;9570;3084;447;707;613;447;875
buurt;EE05;Erasmusparkbuurt-Oost;20220324;20230101;223;1410;4879;9818;3208;261;291;368;294;1229
buurt;EE06;Landlust-Zuid;20220324;20230101;272;1416;5135;9661;3448;277;469;595;277;1324
buurt;EF01;Robert Scottbuurt-Oost;20220324;20230101;151;1744;4385;10404;2767;157;384;159;188;875
buurt;EF02;Erasmusparkbuurt-West;20220324;20230101;134;1342;4426;10029;2758;185;596;233;144;1061
buurt;EG01;Bedrijvencentrum Westerkwartier;20220324;20230101;271;308;5084;8768;3378;397;890;397;1167;788
buurt;EG02;GWL-terrein;20220324;20230101;279;585;5319;8342;3716;279;537;279;869;724
buurt;EG03;Markthallen;20220324;20230101;158;1306;5837;8890;4182;437;961;795;158;1543
buurt;EG04;Marcanti;20220324;20230101;209;1532;5841;9091;4206;341;923;908;209;1771
buurt;EH01;Westerstaatsman;20220324;20230101;411;824;5246;8256;3955;411;676;415;673;911
buurt;EH02;Fannius Scholtenbuurt;20220324;20230101;336;975;4996;8005;4101;336;731;338;592;1019
buurt;EH03;Staatsliedenbuurt-Noordoost;20220324;20230101;231;1133;4712;7722;4068;258;714;258;340;1118
buurt;EH04;De Wittenbuurt-Noord;20220324;20230101;222;1375;4589;7598;3933;330;953;334;222;1336
buurt;EH05;De Wittenbuurt-Zuid;20220324;20230101;339;1340;4874;7883;4190;452;996;479;339;1375
buurt;EH06;Buyskade e.o.;20220324;20230101;374;1150;5459;8469;4279;425;1045;468;374;1283
buurt;EJ01;Frederik Hendrikbuurt-Noord;20220324;20230101;143;1542;5318;8328;4363;186;1322;192;157;1610
buurt;EJ02;Frederik Hendrikbuurt-Zuidwest;20220324;20230101;214;1725;5904;8977;4538;670;1254;718;214;1884
buurt;EJ03;Frederik Hendrikbuurt-Zuidoost;20220324;20230101;224;1825;5801;8836;4540;571;1339;562;224;1965
buurt;EK01;Mercatorpark;20220324;20230101;204;2197;4179;10746;2969;297;204;367;297;403
buurt;EK02;Orteliusbuurt-Noord;20220324;20230101;195;2068;4492;10568;3080;208;318;208;376;576
buurt;EK03;Jan Maijenbuurt;20220324;20230101;200;2082;4683;10332;3147;200;514;200;379;772
buurt;EK04;John Franklinbuurt;20220324;20230101;222;2042;4904;10140;3352;222;578;222;512;982
buurt;EL01;Pieter van der Doesbuurt;20220324;20230101;286;1936;5164;9890;3604;368;375;368;425;1228
buurt;EL02;Trompbuurt;20220324;20230101;238;1904;5456;9658;3874;386;557;648;242;1495
buurt;EL03;Geuzenhofbuurt;20220324;20230101;251;1925;5716;9564;4154;356;844;935;251;1689
buurt;EM01;Orteliusbuurt-Midden;20220324;20230101;131;2383;4733;10813;3417;131;619;131;464;522
buurt;EM02;Balboaplein e.o.;20220324;20230101;414;2392;4965;10511;3539;415;798;415;637;816
buurt;EM03;Orteliusbuurt-Zuid;20220324;20230101;170;2278;5045;10958;3619;170;958;170;622;738
buurt;EM04;Columbusplein e.o.;20220324;20230101;481;2325;5310;10695;3694;481;1137;481;836;1027
buurt;EN01;Filips van Almondekwartier;20220324;20230101;456;2293;5278;10210;3839;653;772;653;456;1149
buurt;EN02;Kortenaerkwartier;20220324;20230101;288;2271;5524;10013;4070;866;819;878;288;1393
buurt;EN03;Van Brakelkwartier;20220324;20230101;698;2405;5536;10438;3821;753;1063;753;735;1337
buurt;EN04;De Wester Quartier;20220324;20230101;515;2473;5656;10210;3989;912;1041;912;515;1467
buurt;EP01;Bellamybuurt-Noord;20220324;20230101;149;2398;5710;9677;4412;1143;1194;1143;149;1820
buurt;EP02;Bellamybuurt-Zuid;20220324;20230101;315;2618;5584;10025;4165;906;1083;906;315;1887
buurt;EQ01;Da Costabuurt-Noord;20220324;20230101;344;2377;5478;9309;4652;980;1515;952;344;2234
buurt;ER01;Postjeskade e.o.;20220324;20230101;173;1695;5381;11292;3101;205;1339;205;358;1242
buurt;ER02;Paramariboplein e.o.;20220324;20230101;482;1766;5568;10993;3163;512;1280;512;599;1394
buurt;ES01;Lootsbuurt;20220324;20230101;593;2278;5541;10559;3674;705;772;705;614;1673
buurt;ES02;Borgerbuurt;20220324;20230101;356;2648;5355;10113;4068;704;914;704;356;2019
buurt;ES03;Da Costabuurt-Zuid;20220324;20230101;544;2748;5111;9575;4564;662;1306;802;544;2464
buurt;ET01;Cremerbuurt-West;20220324;20230101;356;1900;5267;10673;3296;372;546;372;540;1986
buurt;ET02;Vondelparkbuurt-West;20220324;20230101;107;1596;5089;10679;2993;107;524;107;544;1812
buurt;EU01;Cremerbuurt-Oost;20220324;20230101;211;2297;5191;10296;3693;409;473;409;221;2091
buurt;EU02;WG-terrein;20220324;20230101;204;2655;4958;9910;4052;399;740;399;218;2347
buurt;EU03;Helmersbuurt-Oost;20220324;20230101;343;3008;4842;9500;4505;347;1069;547;344;2337
buurt;EV01;Vondelparkbuurt-Midden;20220324;20230101;158;2434;4786;9871;3830;158;453;158;435;2349
buurt;EV02;Vondelparkbuurt-Oost;20220324;20230101;148;2898;4539;9324;4294;148;807;207;253;2074
buurt;FA01;Sloterdijk De Heining;20220324;20230101;84;2900;2825;4536;84;84;2214;2828;153;1439
buurt;FA02;Sloterdijk Poort-Noord;20220324;20230101;1151;4285;3242;6047;1591;1151;2525;2034;1151;2620
buurt;FA03;Sloterdijk Poort-Zuid;20220324;20230101;625;3329;2588;5538;642;625;2950;2202;660;963
buurt;FA04;Sloterdijk Rhônepark;20220324;20230101;211;1618;3256;8193;1382;211;1271;211;669;1367
buurt;FA05;Sloterdijk Donauhoek;20220324;20230101;225;1738;4217;7791;2316;985;1727;985;225;1686
buurt;FA06;Bretten-West;20220324;20230101;;;;;;;;;;
buurt;FA07;Bretten-Oost;20220324;20230101;;;;;;;;;;
buurt;FA08;Sloterdijk Stationskwartier;20220324;20230101;636;1008;3211;8519;1350;857;719;636;813;1115
buurt;FB01;Osdorper Binnenpolder;20220324;20230101;322;1497;393;6478;1096;912;1403;1256;1499;1498
buurt;FB02;De Eendracht;20220324;20230101;168;2693;270;7814;1289;792;413;359;314;884
buurt;FB03;Ruys de Beerenbrouckbuurt;20220324;20230101;274;3217;832;7784;581;306;1018;311;403;901
buurt;FB04;Eendrachtspark;20220324;20230101;141;2905;1259;7795;588;141;1077;144;241;696
buurt;FB05;Van Tijenbuurt;20220324;20230101;228;2655;718;8437;1346;701;572;444;291;968
buurt;FB06;Dudokbuurt;20220324;20230101;420;2981;921;8235;1029;535;731;530;452;838
buurt;FB07;Bakemabuurt;20220324;20230101;226;3088;1263;8171;965;226;768;457;228;458
buurt;FB08;Wegener Sleeswijkbuurt;20220324;20230101;222;2756;1246;8512;1306;246;405;411;249;685
buurt;FC01;Jan de Louterbuurt;20220324;20230101;189;2524;1898;8454;558;189;767;223;266;666
buurt;FC02;Lodewijk van Deysselbuurt;20220324;20230101;247;3007;2019;8716;1102;247;1224;272;298;559
buurt;FC03;Confuciusbuurt;20220324;20230101;311;3063;1913;8973;1499;316;1074;365;483;764
buurt;FD01;Arondeusbuurt;20220324;20230101;322;1961;2273;8821;582;494;557;372;594;742
buurt;FD02;Coronelbuurt;20220324;20230101;294;1118;2983;8923;1278;680;676;294;678;745
buurt;FD03;Meerwaldtbuurt;20220324;20230101;190;1501;3015;9230;1326;385;863;202;435;457
buurt;FD04;Dobbebuurt;20220324;20230101;130;1897;2883;9329;1219;208;889;198;199;627
buurt;FE01;Dichtersbuurt;20220324;20230101;366;2560;2478;9185;1118;384;1158;384;442;1081
buurt;FE02;Louis Couperusbuurt;20220324;20230101;310;2230;3090;9773;1680;360;634;359;421;948
buurt;FE03;Noordoever Sloterplas;20220324;20230101;153;2682;2836;9788;1784;182;771;172;756;1251
buurt;FE04;Sloterpark;20220324;20230101;;;;;;;;;;
buurt;FF01;Osdorper Bovenpolder;20220324;20230101;258;1095;312;7362;1327;819;1238;996;1275;1062
buurt;FF02;Ookmeer;20220324;20230101;229;1735;940;9193;2213;713;229;684;911;1541
buurt;FF03;Bedrijvenpark Lutkemeer;20220324;20230101;126;178;322;8758;2610;567;997;1653;525;1043
buurt;FG01;Middelveldsche Akerpolder;20220324;20230101;157;729;1396;9738;1810;1193;724;1168;159;1769
buurt;FG02;De Aker-West;20220324;20230101;334;1039;1429;9714;2001;1408;1066;1503;334;1635
buurt;FG03;De Aker-Oost;20220324;20230101;274;1159;2022;10388;1027;791;1315;786;274;1391
buurt;FH01;Bedrijvencentrum Osdorp;20220324;20230101;211;429;211;8597;2326;722;746;599;732;1840
buurt;FH02;Dijkgraafpleinbuurt;20220324;20230101;404;714;941;9326;1718;646;754;602;526;2079
buurt;FJ01;Reimerswaal;20220324;20230101;293;877;452;8843;2174;361;704;412;361;2005
buurt;FJ02;Botteskerkbuurt;20220324;20230101;118;1116;859;9247;1737;167;1071;147;157;2280
buurt;FJ03;Zuidwestkwadrant-Noord;20220324;20230101;242;1473;1247;9635;1330;243;1406;249;292;1983
buurt;FJ04;Zuidwestkwadrant-Zuid;20220324;20230101;195;1305;1715;10103;848;200;1612;207;246;1490
buurt;FK01;Wildeman;20220324;20230101;384;1557;1179;9567;2391;475;577;509;481;2199
buurt;FK02;Meer en Oever;20220324;20230101;160;2005;1605;9903;2553;300;422;300;290;1915
buurt;FK03;Osdorpplein e.o.;20220324;20230101;252;2016;1759;10148;1885;337;1200;337;267;2230
buurt;FK04;Calandlaan/Lelylaan;20220324;20230101;115;2036;2042;10430;1578;298;1503;310;115;1910
buurt;FK05;Osdorp-Zuidoost;20220324;20230101;264;2167;2548;10936;1730;310;1615;299;322;1739
buurt;FL01;Oostoever Sloterplas;20220324;20230101;209;2965;3793;10806;2799;284;744;284;280;1112
buurt;FL02;Emanuel van Meterenbuurt;20220324;20230101;325;2916;3469;11482;2816;325;1591;325;662;1062
buurt;FL03;Jacob Geelbuurt;20220324;20230101;483;2634;3888;11406;2865;660;1230;679;638;684
buurt;FM01;Lucas/Andreasziekenhuis e.o.;20220324;20230101;294;2263;3772;10524;2558;681;294;748;521;964
buurt;FM02;Overtoomse Veld-Noord;20220324;20230101;302;2666;4096;11079;3031;361;522;447;362;674
buurt;FM03;Rembrandtpark-Noord;20220324;20230101;68;2408;4522;11428;3456;68;858;160;69;466
buurt;FM04;Overtoomse Veld-Zuid;20220324;20230101;294;2298;4529;11638;3368;371;1010;438;384;467
buurt;FM05;Rembrandtpark-Zuid;20220324;20230101;52;2038;4863;11667;3455;52;1237;152;52;739
buurt;FM06;Johan Jongkindbuurt;20220324;20230101;285;1982;4310;11986;3045;412;1354;643;412;340
buurt;FN01;Louis Crispijnbuurt;20220324;20230101;348;2505;3412;11841;2251;429;2145;348;444;1323
buurt;FN02;Jacques Veldmanbuurt;20220324;20230101;662;1986;3801;12252;2201;684;1917;841;685;945
buurt;FN03;Medisch Centrum Slotervaart;20220324;20230101;140;1814;2564;12503;1249;140;1437;140;296;1007
buurt;FN04;Staalmanbuurt;20220324;20230101;619;1527;3256;12703;1585;625;1939;668;783;1498
buurt;FP01;Schipluidenbuurt;20220324;20230101;392;1847;4211;12091;2784;403;1584;917;403;516
buurt;FP02;Koningin Wilhelminaplein;20220324;20230101;139;1369;4268;12357;2473;139;1972;888;139;999
buurt;FP03;Andreasterrein;20220324;20230101;207;1338;4965;11742;2748;207;1634;221;277;1068
buurt;FP04;Delflandpleinbuurt-West;20220324;20230101;633;955;3686;12528;1932;648;1507;1052;648;1545
buurt;FP05;Delflandpleinbuurt-Oost;20220324;20230101;580;596;4137;12085;1774;762;1398;934;762;1637
buurt;FP06;Riekerhaven;20220324;20230101;1040;1291;3613;12752;1638;1041;1134;1041;1340;1730
buurt;FQ01;Dorp Sloten;20220324;20230101;142;257;2550;11092;526;373;512;492;320;356
buurt;FQ02;Nieuw-Sloten-Noordwest;20220324;20230101;220;1012;2512;11067;1020;321;997;244;317;897
buurt;FQ03;Nieuw-Sloten-Noordoost;20220324;20230101;245;1685;2655;11654;1581;256;1146;326;279;934
buurt;FQ04;Nieuw-Sloten-Zuidwest;20220324;20230101;293;700;2199;11325;1016;480;589;343;470;508
buurt;FQ05;Belgiëplein e.o.;20220324;20230101;219;1227;2255;11596;1338;257;737;268;257;648
buurt;FQ06;Nieuw-Sloten-Zuidoost;20220324;20230101;273;1458;2297;12007;1381;273;790;274;494;512
buurt;FQ07;Sloterweg e.o.;20220324;20230101;164;757;2045;11782;955;472;326;546;714;327
buurt;FQ08;Park Haagseweg;20220324;20230101;119;1875;2310;12676;999;119;1307;119;313;839
buurt;FQ09;Riekerpolder;20220324;20230101;279;2028;2207;12891;754;279;1306;279;523;809
buurt;FQ10;Nieuwe Meer;20220324;20230101;335;2048;1862;12926;418;335;1011;379;2160;1575
buurt;KA01;Westlandgrachtbuurt;20220324;20230101;235;853;4848;11528;2233;313;1494;313;235;1370
buurt;KA02;Surinamepleinbuurt;20220324;20230101;165;1186;5272;11270;2589;310;1152;310;165;1435
buurt;KA03;Legmeerpleinbuurt;20220324;20230101;245;744;4923;11327;2153;452;1319;452;245;1199
buurt;KA04;Aalsmeerwegbuurt-West;20220324;20230101;405;416;4382;11807;1728;750;1363;750;690;1378
buurt;KA05;Aalsmeerwegbuurt-Oost;20220324;20230101;236;236;4434;11674;1612;890;1224;890;759;1240
buurt;KA06;Bedrijventerrein Schinkel;20220324;20230101;257;442;3949;11921;956;759;589;759;1427;1045
buurt;KB01;Schinkelbuurt-Noord;20220324;20230101;289;812;4790;11105;2208;335;1115;335;304;1065
buurt;KB02;Schinkelbuurt-Zuid;20220324;20230101;555;738;4590;11211;2073;616;972;616;603;748
buurt;KC01;Vondelpark-West;20220324;20230101;;;;;;;;;;
buurt;KC02;Willemsparkbuurt-Noord;20220324;20230101;194;1177;4600;10718;2573;251;905;241;262;1256
buurt;KC03;Valeriusbuurt-West;20220324;20230101;290;1164;4372;10725;2506;504;760;585;293;1054
buurt;KC04;Valeriusbuurt-Oost;20220324;20230101;220;1599;4196;10240;2940;337;706;376;253;1532
buurt;KD01;Vondelpark-Oost;20220324;20230101;62;3045;4308;8954;4442;62;1030;66;62;1772
buurt;KD02;Cornelis Schuytbuurt;20220324;20230101;310;2009;4077;9826;3372;310;754;316;547;1838
buurt;KD03;Concertgebouwbuurt;20220324;20230101;186;2454;4089;9403;3824;186;791;191;379;1731
buurt;KD04;P.C. Hooftbuurt;20220324;20230101;149;2879;4234;9025;4275;149;1003;149;271;1745
buurt;KD05;Museumplein;20220324;20230101;119;2905;4033;8897;4281;119;1232;122;243;1514
buurt;KD06;Banpleinbuurt;20220324;20230101;425;2183;3692;9637;3395;425;990;660;425;1499
buurt;KD07;Hondecoeterbuurt;20220324;20230101;381;2470;3586;9311;3720;381;1231;484;381;1260
buurt;KD08;Johannes Vermeerbuurt;20220324;20230101;257;2825;3599;8991;4059;257;1453;308;303;1147
buurt;KD09;Duivelseiland;20220324;20230101;484;2708;3324;8957;4043;484;1545;555;484;901
buurt;KD10;Harmoniehofbuurt;20220324;20230101;574;2475;3224;9244;3830;579;1346;707;581;903
buurt;KE01;Frans Halsbuurt;20220324;20230101;340;3194;3480;8560;4556;340;1767;379;376;943
buurt;KE02;Gerard Doubuurt;20220324;20230101;314;3003;3519;8206;4798;314;1999;357;367;965
buurt;KE03;Hercules Seghersbuurt;20220324;20230101;426;2908;3172;8709;4329;426;1812;426;626;641
buurt;KE04;Sarphatiparkbuurt;20220324;20230101;201;2776;3352;8217;4741;201;1837;201;572;799
buurt;KE05;Hemonybuurt;20220324;20230101;318;2645;3720;7748;4799;318;1675;366;390;1181
buurt;KF01;Cornelis Troostbuurt;20220324;20230101;399;2577;2814;8989;4107;663;1626;663;927;401
buurt;KF02;Lizzy Ansinghbuurt;20220324;20230101;199;2474;2817;8700;4392;399;1513;399;953;245
buurt;KF03;Van der Helstpleinbuurt;20220324;20230101;299;2312;3161;8250;4860;301;1382;301;804;629
buurt;KF04;Willibrordusbuurt;20220324;20230101;397;2334;3408;7889;5101;397;1423;482;460;1020
buurt;KG01;BurgemeesterTellegenbuurt-West;20220324;20230101;363;2100;2684;8749;4560;611;1138;611;1233;363
buurt;KG02;Burgemeester Tellegenbuurt-Oost;20220324;20230101;640;1972;2933;8475;4910;682;1044;682;1041;685
buurt;KG03;Diamantbuurt;20220324;20230101;747;2015;3084;8262;5244;748;1113;830;802;1044
buurt;KH01;Bertelmanpleinbuurt;20220324;20230101;512;1115;4230;10905;2246;676;669;756;517;862
buurt;KH02;Olympisch Stadion e.o.;20220324;20230101;264;847;4338;11416;1714;420;265;420;983;392
buurt;KH03;Marathonbuurt-West;20220324;20230101;430;862;3954;10992;2066;666;439;836;549;812
buurt;KH04;Marathonbuurt-Oost;20220324;20230101;217;1102;3889;10740;2324;425;245;990;303;1073
buurt;KH05;Van Tuyllbuurt;20220324;20230101;415;664;3692;10905;1938;874;423;880;765;881
buurt;KH06;IJsbaanpad e.o.;20220324;20230101;285;926;3857;11556;852;591;285;591;1906;389
buurt;KJ01;Hiltonbuurt;20220324;20230101;116;1879;3577;9941;3100;116;664;845;116;1393
buurt;KJ02;Minervabuurt-Noord;20220324;20230101;131;1720;3470;10050;3018;187;473;819;136;1476
buurt;KJ03;Minervabuurt-Midden;20220324;20230101;167;1517;3245;10190;2857;383;409;760;184;1477
buurt;KJ04;Minervabuurt-Zuid;20220324;20230101;283;1228;3099;10304;2609;566;410;634;371;1465
buurt;KJ05;Beethovenbuurt;20220324;20230101;363;1995;3014;9754;3383;389;919;507;399;1146
buurt;KJ06;Diepenbrockbuurt;20220324;20230101;248;1771;2684;9851;3190;248;1000;248;715;1233
buurt;KK01;Wielingenbuurt;20220324;20230101;438;2122;2283;9403;3859;469;1357;469;1179;720
buurt;KK02;Scheldebuurt-West;20220324;20230101;620;1625;1967;9073;4167;685;902;685;1203;884
buurt;KK03;Scheldebuurt-Midden;20220324;20230101;556;1494;2115;8876;4479;749;573;749;1024;959
buurt;KK04;Scheldebuurt-Oost;20220324;20230101;283;1235;2224;8580;4841;574;283;574;659;1222
buurt;KK05;Veluwebuurt;20220324;20230101;245;871;1494;8707;4416;245;686;245;672;1391
buurt;KK06;Kop Zuidas;20220324;20230101;588;1043;1239;8453;4165;588;921;588;1069;1534
buurt;KL01;IJselbuurt-West;20220324;20230101;674;1672;2541;8648;4689;927;733;935;1070;840
buurt;KL02;IJselbuurt-Oost;20220324;20230101;596;1655;2721;8174;5157;636;765;840;635;1325
buurt;KM01;Kromme Mijdrechtbuurt;20220324;20230101;379;1318;2379;8232;5190;481;491;503;524;1444
buurt;KM02;Rijnbuurt-West;20220324;20230101;306;1059;1775;8943;4543;329;400;329;662;1332
buurt;KM03;Rijnbuurt-Midden;20220324;20230101;163;851;1922;8859;4866;236;244;235;343;1180
buurt;KM04;Rijnbuurt-Oost;20220324;20230101;189;998;2048;8551;5264;238;458;238;305;1180
buurt;KM05;Zorgvlied;20220324;20230101;166;205;961;8175;4943;302;1135;302;912;1239
buurt;KN01;Prinses Irenebuurt;20220324;20230101;368;998;2831;10045;2539;458;689;458;774;1482
buurt;KN02;Beatrixpark;20220324;20230101;;;;;;;;;;
buurt;KP01;Zuidas-Noord;20220324;20230101;168;168;3526;10739;1697;997;607;997;1239;725
buurt;KP02;RAI;20220324;20230101;;;;;;;;;;
buurt;KP03;VU-kwartier;20220324;20230101;333;766;2953;10025;1901;359;660;359;935;755
buurt;KP04;Zuidas-Zuid;20220324;20230101;430;1377;2290;9504;2892;666;430;666;1157;1170
buurt;KP05;Vivaldi;20220324;20230101;283;1706;1629;8843;3680;615;283;615;879;1799
buurt;KQ01;Amsterdamse Bos;20220324;20230101;144;1361;2960;10454;1725;343;954;144;1340;1153
buurt;KQ02;Zuiderhof;20220324;20230101;427;538;3353;10625;1697;715;704;642;1382;736
buurt;KQ03;Buitenveldert-West-Midden;20220324;20230101;193;1238;2826;9621;2060;194;577;194;817;599
buurt;KQ04;Gelderlandpleinbuurt;20220324;20230101;335;1799;2176;9226;2930;374;592;378;681;1067
buurt;KQ05;Buitenveldert-Zuidwest;20220324;20230101;172;1791;2673;9018;2133;203;540;203;284;934
buurt;KQ06;Buitenveldert-Zuid-Midden;20220324;20230101;232;1702;1831;8490;2946;247;814;266;402;1402
buurt;KR01;De Klenckebuurt;20220324;20230101;489;1790;1567;8781;3617;523;505;525;622;1648
buurt;KR02;Buitenveldert-Oost-Midden;20220324;20230101;254;1630;1463;8701;3598;254;442;266;349;1561
buurt;KR03;Buitenveldert-Zuidoost;20220324;20230101;206;1192;1161;8446;3620;210;560;313;236;1061
buurt;KR04;Amstelpark;20220324;20230101;73;1015;584;7839;4675;86;994;86;600;864
buurt;MA01;Java-eiland;20220324;20230101;326;3130;3290;5170;2012;326;1247;1390;326;1782
buurt;MA02;KNSM-eiland;20220324;20230101;359;3090;3135;5015;1972;495;2185;1305;359;1823
buurt;MA03;Oostelijke Handelskade;20220324;20230101;493;3709;3514;5394;2892;617;604;1013;617;1624
buurt;MA04;Rietlanden;20220324;20230101;156;3027;2831;4712;2427;185;1358;420;159;1525
buurt;MA05;Sporenburg;20220324;20230101;175;2339;2144;4024;2273;668;1676;714;175;1967
buurt;MA06;Borneo;20220324;20230101;392;2499;2304;4184;2560;744;1845;776;392;1946
buurt;MA07;Entrepot-Noordwest;20220324;20230101;281;3078;2910;4790;2575;281;1754;302;294;1352
buurt;MA08;Bedrijvengebied Veelaan;20220324;20230101;567;2970;3121;5002;2796;567;1913;570;581;1336
buurt;MA09;Architectenbuurt;20220324;20230101;667;3089;3203;4900;2862;667;1850;694;777;1693
buurt;MA10;Cruquiusbuurt;20220324;20230101;1006;3649;3813;5182;3338;1006;2085;1006;1454;2419
buurt;MA11;Bedrijvengebied Zeeburgerkade;20220324;20230101;625;2960;3326;4999;2949;625;1738;699;888;1494
buurt;MB01;Weesperzijde-Noord;20220324;20230101;221;2870;3986;7333;4673;221;1537;670;221;1266
buurt;MB02;Weesperzijde-Midden/Zuid;20220324;20230101;161;2339;3434;7450;4864;161;1608;871;161;1491
buurt;MB03;Parooldriehoek;20220324;20230101;343;2323;3607;7139;4629;505;1835;701;343;1436
buurt;MC01;Oosterparkbuurt-Noordwest;20220324;20230101;297;2741;4264;6977;4623;297;1376;315;591;957
buurt;MC02;Oosterpark;20220324;20230101;46;2691;4674;6601;4268;46;1281;46;717;517
buurt;MC03;Oosterparkbuurt-Zuidwest;20220324;20230101;347;2364;3948;6929;4541;349;1692;369;563;1237
buurt;MC04;Oosterparkbuurt-Zuidoost;20220324;20230101;221;2072;4305;6448;4049;221;1384;221;773;997
buurt;MD01;Transvaalbuurt-West;20220324;20230101;168;1935;3545;7090;4348;578;1520;713;168;1070
buurt;MD02;Transvaalbuurt-Oost;20220324;20230101;276;1727;4026;6561;3814;558;1057;558;287;957
buurt;ME01;Dapperbuurt-Noord;20220324;20230101;351;2546;4050;5922;3697;353;1462;360;698;585
buurt;ME02;Dapperbuurt-Zuid;20220324;20230101;276;2169;4302;5957;3702;276;1429;276;972;848
buurt;ME03;Oostpoort;20220324;20230101;623;1702;4445;5968;3275;623;893;634;736;1046
buurt;MF01;Timorpleinbuurt-Noord;20220324;20230101;717;2632;3628;5303;3260;717;1728;793;781;1186
buurt;MF02;Timorpleinbuurt-Zuid;20220324;20230101;704;2374;3885;5387;3231;704;1549;704;1007;1305
buurt;MF03;Ambonpleinbuurt;20220324;20230101;607;1997;4027;5394;2895;607;1191;608;835;1406
buurt;MG01;Makassarpleinbuurt;20220324;20230101;384;2600;3385;4776;2827;384;1334;384;1219;1751
buurt;MG02;Zeeburgerdijk-Oost;20220324;20230101;251;2885;2867;4235;2391;251;1336;251;1503;2001
buurt;MG03;Sumatraplantsoenbuurt;20220324;20230101;204;2114;3604;4972;2578;204;1038;204;922;1695
buurt;MG04;Flevopark;20220324;20230101;124;2538;3067;4434;2181;124;716;124;1622;2029
buurt;MH01;Sluisbuurt;20220324;20230101;338;1249;1053;3242;2200;346;961;346;955;1442
buurt;MH02;Sportheldenbuurt;20220324;20230101;145;1673;1508;2875;2580;938;145;938;1644;1655
buurt;MH03;Oostpunt Zeeburgereiland;20220324;20230101;1112;2861;2697;4064;2355;1607;1112;1802;1607;2163
buurt;MH04;Baaibuurt-West;20220324;20230101;655;1939;1791;3174;2569;958;707;958;1677;1889
buurt;MH05;Baaibuurt-Oost;20220324;20230101;719;1998;1833;3200;2677;1104;719;1104;1871;1980
buurt;MH06;Bovendiep/Diemerpark;20220324;20230101;363;2457;3458;3038;1153;501;1646;631;721;1453
buurt;MJ01;Steigereiland-Zuid;20220324;20230101;285;2239;3322;3472;951;297;1791;959;297;775
buurt;MJ02;Steigereiland-Noord;20220324;20230101;339;2669;3359;3510;1324;339;1828;1298;339;1205
buurt;MJ03;Rieteilanden-West;20220324;20230101;294;2897;4471;2173;467;325;1462;589;345;1756
buurt;MJ04;Joris Ivenspleinbuurt;20220324;20230101;248;2883;4001;2524;758;423;2174;405;262;1691
buurt;MJ05;Ed Pelsterparkbuurt;20220324;20230101;205;3288;4575;1885;784;609;1551;374;273;2147
buurt;MK01;Buiteneiland;20220324;20230101;;;;;;;;;;
buurt;MK02;Pampusbuurt-West;20220324;20230101;293;5168;5078;1865;293;293;2058;1629;998;4027
buurt;MK03;Pampusbuurt-Oost;20220324;20230101;;;;;;;;;;
buurt;MK04;Centrumeiland;20220324;20230101;341;4447;3911;698;659;588;1092;829;341;3641
buurt;MK05;Muidenbuurt-West;20220324;20230101;;;;;;;;;;
buurt;MK06;Muidenbuurt-Oost;20220324;20230101;;;;;;;;;;
buurt;ML01;Havenkwartier IJburg;20220324;20230101;280;3789;4536;1323;861;280;1021;600;280;2648
buurt;ML02;Theo van Goghparkbuurt;20220324;20230101;219;4113;4187;974;1042;222;605;348;226;2982
buurt;ML03;Rieteiland-Oost;20220324;20230101;206;3731;4603;1536;1217;341;275;345;468;2590
buurt;MM01;Van der Kunbuurt;20220324;20230101;306;1808;2870;7679;4854;306;1126;711;306;1243
buurt;MM02;De Eenhoorn;20220324;20230101;389;1510;3384;7123;4299;430;1133;438;474;717
buurt;MM03;Don Bosco;20220324;20230101;190;1300;3930;6540;3715;190;764;190;626;424
buurt;MM04;Julianapark;20220324;20230101;188;1369;3057;7339;4484;335;779;526;188;892
buurt;MM05;Frankendael;20220324;20230101;76;996;3972;6449;3577;76;467;76;492;423
buurt;MM06;Tuindorp Amstelstation;20220324;20230101;232;1307;2801;7558;4524;389;576;553;232;1131
buurt;MM07;De Wetbuurt;20220324;20230101;245;954;2979;7594;4321;468;273;589;339;1022
buurt;MM08;Tuindorp Frankendael;20220324;20230101;172;424;3770;6812;3481;286;558;376;197;705
buurt;MN01;Linnaeusparkbuurt;20220324;20230101;240;1166;4262;6161;3304;254;417;283;437;663
buurt;MN02;Middenmeer-Noord;20220324;20230101;263;1299;4386;5858;3015;263;651;585;265;942
buurt;MN03;Middenmeer-Zuid;20220324;20230101;226;764;4413;6135;2817;340;346;763;313;743
buurt;MN04;Science Park-Noord;20220324;20230101;433;1670;4067;5426;2269;445;690;445;972;1215
buurt;MN05;Science Park-Zuid;20220324;20230101;855;1909;4370;5331;1957;855;973;855;1567;1461
buurt;MN06;Sportpark Middenmeer-Zuid;20220324;20230101;122;364;4297;6302;2927;789;122;842;389;326
buurt;MN07;Sportpark Middenmeer-Noord;20220324;20230101;231;850;4820;6007;2632;814;231;1194;814;366
buurt;MN08;Park de Meer;20220324;20230101;159;510;4446;6106;2903;221;208;741;221;658
buurt;MN09;Sportpark Voorland;20220324;20230101;;;;;;;;;;
buurt;MP01;Drieburg;20220324;20230101;;;;;;;;;;
buurt;MP02;Nieuwe Oosterbegraafplaats;20220324;20230101;56;56;4008;6572;3198;541;466;696;120;431
buurt;MP03;Betondorp;20220324;20230101;393;480;3877;6235;2936;459;573;784;511;682
buurt;MQ01;De Omval;20220324;20230101;476;1861;2724;7887;5012;476;1099;531;533;1438
buurt;MQ02;Overamstel;20220324;20230101;178;1689;201;7031;4659;775;784;775;755;871
buurt;MQ03;Amstelglorie;20220324;20230101;206;1270;732;8007;5448;721;1118;721;1065;216
buurt;MQ04;Amstelkwartier-West;20220324;20230101;688;1255;1800;8081;5505;688;1295;688;778;1114
buurt;MQ05;Amstelkwartier-Noord;20220324;20230101;159;1449;2230;8035;4798;159;834;197;208;1342
buurt;MQ06;Amstelkwartier-Zuid;20220324;20230101;960;1981;1970;7691;4987;960;1679;960;1018;1471
buurt;MQ07;Weespertrekvaart;20220324;20230101;209;1370;2470;7901;4498;344;622;344;209;1270
buurt;NA01;Noorder IJplas;20220324;20230101;363;2299;4479;2768;595;376;1338;1632;394;1625
buurt;NA02;Melkweg/Oostzanerwerf;20220324;20230101;116;3328;2674;3401;800;798;216;1159;1112;377
buurt;NA03;Walvisbuurt;20220324;20230101;636;2353;1851;2248;1503;1357;846;1532;1518;640
buurt;NA04;Twiske-West;20220324;20230101;767;1732;1242;2600;2151;1271;1226;1515;1323;771
buurt;NA05;Oostzanerdijk;20220324;20230101;439;2158;1063;3462;1977;542;441;1196;545;743
buurt;NA06;Circus/Kermisbuurt;20220324;20230101;394;2531;1843;2878;1222;888;639;847;963;450
buurt;NA07;Molenwijk;20220324;20230101;223;2093;1413;2901;1693;1005;851;1189;1021;223
buurt;NB01;Cornelis Douwesterrein-West;20220324;20230101;;;;;;;;;;
buurt;NB02;Cornelis Douwesterrein-Oost;20220324;20230101;99;3414;2543;3979;1529;162;1395;162;99;1268
buurt;NB03;NDSM terrein;20220324;20230101;235;2202;2217;4937;2818;1481;1321;1481;235;1685
buurt;NB04;Buiksloterham-Zuid;20220324;20230101;773;1837;2937;5980;2159;1104;1893;1112;849;1248
buurt;NB05;Buiksloterham-Noord;20220324;20230101;278;1137;2246;5254;1969;941;1194;983;285;518
buurt;NB06;Klaprozenbuurt;20220324;20230101;415;1211;1600;4687;2441;463;1299;1030;415;797
buurt;NB07;Overhoeks;20220324;20230101;136;2441;3660;6678;1915;136;2377;152;338;1684
buurt;NC01;Tuindorp Oostzaan-West;20220324;20230101;514;2897;2116;3174;1152;683;631;628;744;608
buurt;NC02;Tuindorp Oostzaan-Oost;20220324;20230101;328;2565;1573;3789;1886;350;652;858;367;977
buurt;NC03;Terrasdorp;20220324;20230101;457;1921;1521;4395;2775;614;887;1425;457;1453
buurt;NC04;De Bongerd;20220324;20230101;313;1513;1050;4224;3027;637;1208;1099;313;1453
buurt;ND01;Twiske-Oost;20220324;20230101;706;1145;807;2438;2550;1093;1330;1128;1114;804
buurt;ND02;Kadoelen;20220324;20230101;415;1300;457;2900;2806;710;890;1293;659;781
buurt;NE01;Banne-Noordwest;20220324;20230101;219;1147;1398;3408;2876;265;467;778;265;821
buurt;NE02;Banne-Noordoost;20220324;20230101;290;901;1801;3420;2630;291;798;897;291;1224
buurt;NE03;Banne-Zuidwest;20220324;20230101;164;754;1188;3855;2405;164;718;274;318;949
buurt;NE04;Banne-Zuidoost;20220324;20230101;208;572;1592;3970;2174;229;584;258;450;1079
buurt;NE05;Buiksloterbreek;20220324;20230101;260;761;1422;4462;2197;260;919;518;316;675
buurt;NE06;Marjoleinterrein;20220324;20230101;267;373;1597;4498;1786;291;469;291;715;551
buurt;NF01;Buiksloterdijk-West;20220324;20230101;114;319;1928;4718;1377;220;198;220;1001;716
buurt;NF02;Buiksloterdijk-Oost;20220324;20230101;90;846;2455;4915;854;96;274;96;866;1034
buurt;NF03;Nieuwendammerdijk-West;20220324;20230101;226;741;1785;4870;281;239;747;361;493;782
buurt;NF04;Nieuwendammerdijk-Oost;20220324;20230101;75;495;794;3883;86;86;1189;432;190;924
buurt;NF05;Nieuwendammerdijk-Zuid;20220324;20230101;140;720;1165;4263;140;140;1600;956;246;1394
buurt;NG01;Elzenhagen-Noord;20220324;20230101;334;664;2291;3948;2082;359;965;1310;359;1372
buurt;NG02;Elzenhagen-Zuid;20220324;20230101;240;688;2617;4542;1435;422;387;759;385;1206
buurt;NG03;Nintemanterrein;20220324;20230101;111;913;2522;4875;995;228;115;228;670;1149
buurt;NH01;Buikslotermeer-Noord;20220324;20230101;139;1348;1504;4037;1862;139;728;659;143;696
buurt;NH02;De Kleine Wereld;20220324;20230101;327;1263;1712;4236;1617;352;918;594;358;520
buurt;NH03;Loenermark;20220324;20230101;126;968;2416;4801;1359;215;600;819;126;992
buurt;NH04;Buikslotermeerplein;20220324;20230101;108;902;1655;4311;1217;191;986;221;319;150
buurt;NH05;Plan van Gool;20220324;20230101;222;875;2061;4872;969;229;976;295;267;680
buurt;NH06;Rode Kruisbuurt;20220324;20230101;325;786;2024;5110;606;325;772;469;327;1088
buurt;NJ01;Markengouw-Noord;20220324;20230101;67;1332;893;4088;1434;67;636;76;173;249
buurt;NJ02;Markengouw-Midden;20220324;20230101;334;1471;870;3795;1356;379;607;382;578;504
buurt;NJ03;Markengouw-Zuid;20220324;20230101;421;1333;771;3250;1291;697;546;625;530;529
buurt;NJ04;Werengouw-Noord;20220324;20230101;68;829;1321;4455;1028;68;1106;70;138;496
buurt;NJ05;Werengouw-Midden;20220324;20230101;163;956;1115;4090;911;163;1026;163;329;805
buurt;NJ06;Werengouw-Zuid;20220324;20230101;231;1110;663;3465;920;442;890;282;238;654
buurt;NK01;Bloemenbuurt-Noord;20220324;20230101;195;565;2082;4957;1323;220;518;220;900;403
buurt;NK02;Bloemenbuurt-Zuid;20220324;20230101;164;1040;2491;5387;1196;255;987;255;702;423
buurt;NK03;Van der Pekbuurt;20220324;20230101;229;1759;3169;6081;1254;329;1689;378;249;1022
buurt;NL01;Vogelbuurt-Noord;20220324;20230101;105;1470;2511;5597;180;139;1076;199;247;296
buurt;NL02;Vliegenbos;20220324;20230101;62;1219;2257;5346;90;62;333;129;1040;541
buurt;NL03;Vogelbuurt-Zuid;20220324;20230101;242;2042;3111;6199;708;328;1645;342;281;887
buurt;NL04;IJplein e.o.;20220324;20230101;235;2470;3551;6639;1088;235;1968;598;235;1267
buurt;NM01;Blauwe Zand;20220324;20230101;286;1049;2158;5226;429;286;754;330;612;838
buurt;NN01;Tuindorp Nieuwendam-West;20220324;20230101;178;248;1443;4532;535;224;1093;272;301;848
buurt;NN02;Tuindorp Nieuwendam-Oost;20220324;20230101;186;512;860;3951;325;292;1311;293;265;921
buurt;NP01;Hamerstraatkwartier-West;20220324;20230101;470;1992;3031;6119;564;559;1626;613;470;738
buurt;NP02;Hamerstraatkwartier-Oost;20220324;20230101;;;;;;;;;;
buurt;NP03;Bedrijventerrein Nieuwendammerdijk;20220324;20230101;110;967;614;3712;142;129;1235;454;185;843
buurt;NQ01;Noorderstrook-West;20220324;20230101;582;1522;1134;2405;3526;1244;617;2359;1244;2345
buurt;NQ02;Noorderstrook-Oost;20220324;20230101;;;;;;;;;;
buurt;NQ03;Zunderdorp;20220324;20230101;386;604;714;3922;2372;1365;922;1894;1620;1717
buurt;NQ04;Schellingwoude-West;20220324;20230101;134;379;141;2588;1231;541;217;707;470;563
buurt;NQ05;Schellingwoude-Oost;20220324;20230101;218;398;431;2424;1239;473;536;912;309;392
buurt;NQ06;Schellingwoude-Noord;20220324;20230101;55;854;229;1837;2047;817;1138;1607;780;55
buurt;NQ07;Zwarte Gouw;20220324;20230101;366;1197;366;1894;2705;1490;1238;2254;1408;683
buurt;NQ08;Holysloot;20220324;20230101;257;928;265;5070;3436;3314;4416;5997;5686;4600
buurt;NQ09;Ransdorp;20220324;20230101;268;296;944;3005;3724;2544;2621;3243;2354;1788
buurt;NQ10;Durgerdam;20220324;20230101;120;632;124;603;3698;2594;680;3223;2557;1859
buurt;SA01;Landelijk gebied Driemond;20220324;20230101;74;1266;144;4832;1011;161;692;1347;247;905
buurt;SA02;Dorp Driemond;20220324;20230101;211;622;373;5091;1330;434;334;1415;446;393
buurt;SB01;Weespersluis-Noord;20220324;20230101;2335;2841;3101;4414;3545;3005;2712;3693;3005;3019
buurt;SB02;Waterrijk;20220324;20230101;722;1255;4120;4519;4564;2346;1803;2346;2527;722
buurt;SB03;Lanenrijk;20220324;20230101;1301;1485;2502;4522;2945;2014;1479;2051;2139;2352
buurt;SB04;Vechtrijk;20220324;20230101;794;1169;3981;4753;4420;2192;1933;2192;2374;964
buurt;SB05;Leeuwenveld;20220324;20230101;708;708;2904;4841;3347;1393;1492;1393;1574;1683
buurt;SB06;Bedrijventerrein Nijverheidslaan;20220324;20230101;516;516;3450;5032;3893;1275;1672;1275;1457;1592
buurt;SC01;Bedrijventerrein-Noord Weesp;20220324;20230101;1195;1855;1921;4478;2881;1712;1195;1734;1933;2020
buurt;SC02;Hogewey-Noord;20220324;20230101;372;1878;2208;4228;2652;1739;372;1744;1898;2289
buurt;SC03;Hogewey-Midden;20220324;20230101;644;1699;2529;4657;3084;1355;644;1355;1596;1932
buurt;SC04;Hogewey-Zuid;20220324;20230101;953;1614;2455;4888;3389;1130;965;1130;1369;1700
buurt;SC05;Weesp Dichtersbuurt;20220324;20230101;631;1048;2735;4665;3215;1192;703;1192;1360;1515
buurt;SC06;Weesp Schildersbuurt;20220324;20230101;702;1134;2693;4758;3353;1003;715;1003;1152;1426
buurt;SD01;Herensingelkwartier;20220324;20230101;717;1017;2620;4539;3564;720;985;720;876;1130
buurt;SD02;Bedrijventerrein Van Houten;20220324;20230101;788;1505;1957;4801;2932;883;1104;921;1139;1455
buurt;SD03;Weesp Centrum;20220324;20230101;309;1224;2570;4150;3545;309;1002;309;488;900
buurt;SD04;Weesp-Zuid I;20220324;20230101;145;1582;2222;3931;3197;145;1317;145;526;1218
buurt;SD05;Weesp-Zuid II;20220324;20230101;326;1074;2838;3527;3813;383;1406;383;326;1276
buurt;SD06;De Klomp;20220324;20230101;609;737;3104;3196;4079;708;1731;708;652;1601
buurt;SE01;Aetsveldsepolder;20220324;20230101;1056;1061;4551;2412;3932;2210;3205;2213;2155;3093
buurt;SE02;Aetsveld-Zuid;20220324;20230101;900;1665;2770;3830;3745;944;1878;944;908;1855
buurt;SE03;Aetsveld-Noord;20220324;20230101;585;1504;2607;3677;3582;635;1621;635;594;1538
buurt;SE04;Oostelijke Vechtoever;20220324;20230101;926;2500;5062;2305;3978;2163;2202;2498;2675;2109
buurt;TA01;Hoofdcentrum-Zuidoost;20220324;20230101;;;;;;;;;;
buurt;TA02;Amstel III deel C/D-Noord;20220324;20230101;;;;;;;;;;
buurt;TA03;Amstel III deel A/B-Noord;20220324;20230101;;;;;;;;;;
buurt;TA04;Amstel III deel C/D-Zuid;20220324;20230101;970;3897;2805;2470;2107;970;1446;970;1802;2349
buurt;TA05;Amstel III deel A/B-Zuid;20220324;20230101;739;3451;1977;3035;1679;739;1642;739;1198;1621
buurt;TA06;AMC;20220324;20230101;765;3017;1544;3127;1246;765;1129;1006;765;1528
buurt;TA07;Hoge Dijk;20220324;20230101;115;2053;1478;2974;612;552;125;1896;571;1415
buurt;TB01;Venserpolder-West;20220324;20230101;463;3007;2898;5769;2563;472;683;472;795;1802
buurt;TB02;Venserpolder-Oost;20220324;20230101;522;2295;2923;6528;2279;621;595;645;690;1750
buurt;TC01;D-buurt;20220324;20230101;135;2484;3532;6186;1862;135;1217;135;469;1188
buurt;TC02;F-buurt;20220324;20230101;205;2933;3885;5705;1980;210;1177;262;257;1476
buurt;TC03;Amsterdamse Poort;20220324;20230101;350;3436;3668;5224;2414;350;937;375;434;1900
buurt;TC04;Vogeltjeswei;20220324;20230101;161;2975;3859;5700;1763;161;919;161;549;1315
buurt;TC05;Nelson Mandelapark;20220324;20230101;223;3813;3053;5062;2149;223;349;223;1440;1013
buurt;TD01;Hoptille;20220324;20230101;535;4114;3334;4511;2767;535;1029;535;973;1764
buurt;TD02;Rechte H-buurt;20220324;20230101;226;3814;3489;4840;2548;226;708;226;867;1535
buurt;TD03;Hakfort/Huigenbos;20220324;20230101;224;4416;2957;4255;2462;224;807;224;1368;1346
buurt;TD04;Huntum;20220324;20230101;109;4162;3033;4573;2482;109;436;109;1464;937
buurt;TE01;E-buurt;20220324;20230101;250;1824;3891;5585;1001;362;1904;471;368;359
buurt;TE02;G-buurt-West;20220324;20230101;211;2289;3469;5306;1025;255;1604;255;297;602
buurt;TE03;G-buurt-Noord;20220324;20230101;168;1909;3440;5131;635;266;2009;266;352;171
buurt;TF01;G-buurt-Oost;20220324;20230101;110;1848;3126;4425;261;110;1850;124;638;550
buurt;TF02;Grunder/Koningshoef;20220324;20230101;98;2343;2721;4484;597;98;1986;98;904;909
buurt;TF03;Kantershof;20220324;20230101;220;2678;2029;4676;329;220;2147;321;483;1080
buurt;TG01;Bijlmermuseum-Noord;20220324;20230101;82;2385;2973;4804;841;82;1768;82;561;663
buurt;TG02;Bijlmermuseum-Zuid;20220324;20230101;103;2727;2606;5002;1041;103;1453;103;885;1026
buurt;TG03;De Kameleon e.o.;20220324;20230101;186;3030;2355;5224;927;186;1368;186;950;1338
buurt;TH01;Gooise Kant;20220324;20230101;219;3309;3115;5515;1852;219;731;219;1184;1319
buurt;TH02;Kortvoort;20220324;20230101;228;2914;3095;5477;1467;228;1063;228;767;1145
buurt;TH03;Kelbergen;20220324;20230101;254;3331;2516;5402;1549;254;897;254;1334;1140
buurt;TH04;K-buurt-Zuidwest;20220324;20230101;358;3166;2335;5529;1095;358;1381;358;968;1340
buurt;TH05;K-buurt-Zuidoost;20220324;20230101;143;2880;2038;5136;634;143;1892;143;546;1498
buurt;TJ01;Holendrecht-West;20220324;20230101;412;3714;2181;3560;1714;412;1422;412;1462;1071
buurt;TJ02;Holendrecht-Oost;20220324;20230101;169;3695;2248;4060;1707;169;1240;169;1577;517
buurt;TJ03;Holendrecht-Zuid;20220324;20230101;743;3292;1585;3746;1079;743;1525;743;1019;1004
buurt;TK01;L-buurt;20220324;20230101;175;2772;1930;5147;1673;175;1513;175;1286;699
buurt;TK02;Gaasperpark;20220324;20230101;186;2328;1486;5139;917;186;2529;201;486;1782
buurt;TK03;Gaasperplas;20220324;20230101;23;489;23;6016;1724;764;1331;764;1370;1390
buurt;TL01;Reigersbos 1;20220324;20230101;184;3199;1795;4607;1022;184;1851;184;845;520
buurt;TL02;Reigersbos 2;20220324;20230101;122;3151;1411;4779;524;122;1677;122;342;1015
buurt;TL03;Reigersbos 3;20220324;20230101;390;2782;1122;4160;609;390;1044;469;506;1183
buurt;TL04;Reigersbos 4;20220324;20230101;128;2566;830;4473;207;128;1159;214;390;1244
buurt;TM01;Gein 1;20220324;20230101;197;2733;1924;5193;938;197;2334;197;895;991
buurt;TM02;Gein 2;20220324;20230101;74;3096;1766;5220;521;74;2100;74;423;1326
buurt;TM03;Gein 3;20220324;20230101;258;2125;1333;5898;381;258;2816;377;449;1692
buurt;TM04;Gein 4;20220324;20230101;243;2940;1701;5621;273;243;2384;437;642;1812
ggwgebied;GA01;Centrum-West;20220324;20230101;626;2442;5105;8166;3582;995;1671;859;631;1853
ggwgebied;GA02;Centrum-Oost;20220324;20230101;372;3444;4426;7019;3612;922;997;597;451;845
ggwgebied;GE03;Westerpark;20220324;20230101;260;1354;4846;7892;4082;346;1117;395;400;1155
ggwgebied;GE04;Bos en Lommer;20220324;20230101;278;1267;4281;9776;2631;352;670;495;322;817
ggwgebied;GE05;Oud-West, De Baarsjes;20220324;20230101;313;2255;5243;10223;3784;503;888;539;436;1618
ggwgebied;GF06;Sloterdijk Nieuw-West;20220324;20230101;625;1069;3202;8428;1329;840;773;680;801;1122
ggwgebied;GF07;Geuzenveld, Slotermeer;20220324;20230101;249;2589;1890;8738;1137;358;821;321;409;794
ggwgebied;GF08;Osdorp;20220324;20230101;265;1469;1407;9765;1770;365;1071;370;351;1959
ggwgebied;GF09;De Aker, Sloten, Nieuw-Sloten;20220324;20230101;246;1148;2050;10873;1362;680;988;686;319;1125
ggwgebied;GF10;Slotervaart;20220324;20230101;416;1908;3949;11886;2492;477;1398;655;506;1033
ggwgebied;GK11;Oud-Zuid;20220324;20230101;313;1303;4087;10613;2605;483;901;560;463;1196
ggwgebied;GK12;Buitenveldert, Zuidas;20220324;20230101;272;1557;2012;8985;2979;345;556;364;553;1220
ggwgebied;GK13;De Pijp, Rivierenbuurt;20220324;20230101;399;2056;2747;8530;4682;473;1175;496;739;903
ggwgebied;GM14;Oud-Oost;20220324;20230101;280;2246;4021;6643;4158;363;1405;476;522;1011
ggwgebied;GM15;Indische Buurt, Oostelijk Havengebied;20220324;20230101;475;2691;3363;4983;2745;533;1505;699;757;1636
ggwgebied;GM16;Watergraafsmeer;20220324;20230101;295;1122;3593;6706;3608;361;664;516;441;898
ggwgebied;GM17;IJburg, Zeeburgereiland;20220324;20230101;265;2945;3547;2241;1284;522;1142;675;612;2021
ggwgebied;GN18;Noord-West;20220324;20230101;355;1585;1449;3530;2263;571;795;931;592;942
ggwgebied;GN19;Oud-Noord;20220324;20230101;235;1603;2616;5593;1289;461;1447;516;394;1024
ggwgebied;GN20;Noord-Oost;20220324;20230101;230;1004;1555;4098;1441;384;848;668;438;834
ggwgebied;GS25;Weesp, Driemond;20220324;20230101;655;1319;2552;4332;3262;1034;1137;1110;1171;1540
ggwgebied;GT21;Bijlmer-West;20220324;20230101;735;3443;1975;3034;1674;738;1634;745;1195;1621
ggwgebied;GT22;Bijlmer-Centrum;20220324;20230101;338;3158;3297;5547;2325;354;879;367;709;1585
ggwgebied;GT23;Bijlmer-Oost;20220324;20230101;175;2505;2896;5051;865;193;1624;209;666;867
ggwgebied;GT24;Gaasperdam;20220324;20230101;287;2995;1673;4697;930;287;1770;329;866;1099
stadsdeel;A;Centrum;20220324;20230101;504;2924;4778;7614;3596;960;1346;733;545;1368
stadsdeel;B;Westpoort;20220324;20230101;1088;2117;5085;7117;4169;1291;2050;1290;1609;1530
stadsdeel;E;West;20220324;20230101;290;1775;4912;9462;3606;424;903;488;400;1305
stadsdeel;F;Nieuw-West;20220324;20230101;310;1850;2464;10325;1760;454;1091;501;416;1213
stadsdeel;K;Zuid;20220324;20230101;344;1694;3086;9357;3623;453;962;494;606;1067
stadsdeel;M;Oost;20220324;20230101;338;2206;3630;5377;3080;441;1191;588;585;1347
stadsdeel;N;Noord;20220324;20230101;274;1413;1896;4437;1664;475;1043;703;474;938
stadsdeel;S;Weesp;20220324;20230101;655;1319;2552;4332;3262;1034;1137;1110;1171;1540
stadsdeel;T;Zuidoost;20220324;20230101;290;2916;2536;4973;1356;300;1458;324;775;1197
wijk;AA;Haarlemmerbuurt;20220324;20230101;475;2059;4598;7584;3335;615;1625;800;475;1814
wijk;AB;Jordaan;20220324;20230101;412;2219;5258;8509;3955;831;1681;687;417;2060
wijk;AC;Grachtengordel-West;20220324;20230101;927;2722;5311;8367;3507;1404;1957;1106;927;1903
wijk;AD;Burgwallen-Nieuwe Zijde;20220324;20230101;1104;3022;5103;7951;3129;1180;1702;1222;1105;1568
wijk;AE;Burgwallen-Oude Zijde;20220324;20230101;1068;3343;5111;7605;2823;1799;1258;1094;1098;1135
wijk;AF;Nieuwmarkt/Lastage;20220324;20230101;630;3755;5106;7237;2994;2053;730;693;747;721
wijk;AG;Grachtengordel-Zuid;20220324;20230101;526;3563;4527;8153;3963;651;1368;613;544;1186
wijk;AH;De Weteringschans;20220324;20230101;228;3293;4143;8222;4360;240;1546;301;248;1416
wijk;AJ;Weesperbuurt/Plantage;20220324;20230101;291;3275;4719;6878;3985;689;732;443;374;409
wijk;AK;Oostelijke Eilanden/Kadijken;20220324;20230101;245;3346;3864;5744;3269;721;872;783;354;713
wijk;BA;Havens-West;20220324;20230101;1367;2747;5439;5805;3376;2032;2434;2032;1928;2330
wijk;BB;Coenhaven/Minervahaven;20220324;20230101;966;1842;4932;7689;4515;968;1883;966;1470;1181
wijk;EA;Sloterdijk-West;20220324;20230101;249;452;4172;9077;2416;737;1399;1047;798;268
wijk;EB;Spaarndammerbuurt/Zeeheldenbuurt;20220324;20230101;216;1448;4158;7167;3947;273;1191;328;297;847
wijk;EC;Houthavens;20220324;20230101;287;1598;4137;7147;3906;294;1544;374;694;826
wijk;ED;De Kolenkit;20220324;20230101;246;1540;3764;9893;2179;395;534;441;307;624
wijk;EE;Landlust;20220324;20230101;343;1021;4588;9581;2894;378;804;621;385;888
wijk;EF;Erasmuspark;20220324;20230101;139;1462;4414;10141;2760;177;533;211;157;1005
wijk;EG;Centrale Markt;20220324;20230101;243;1052;5575;8727;3953;313;739;597;545;1250
wijk;EH;Staatsliedenbuurt;20220324;20230101;338;1067;5070;8080;4092;372;831;385;478;1124
wijk;EJ;Frederik Hendrikbuurt;20220324;20230101;186;1682;5598;8627;4459;411;1318;418;192;1792
wijk;EK;Van Galenbuurt;20220324;20230101;206;2065;4713;10323;3202;209;488;209;425;797
wijk;EL;Geuzenbuurt;20220324;20230101;255;1919;5452;9694;3882;372;591;655;295;1478
wijk;EM;Hoofdweg e.o.;20220324;20230101;324;2347;5037;10723;3576;325;895;325;658;801
wijk;EN;Chassébuurt;20220324;20230101;452;2355;5515;10176;3962;819;913;824;458;1357
wijk;EP;Bellamybuurt;20220324;20230101;255;2539;5629;9900;4254;991;1123;991;255;1863
wijk;EQ;Da Costabuurt;20220324;20230101;344;2377;5478;9309;4652;980;1515;952;344;2234
wijk;ER;Westindische Buurt;20220324;20230101;341;1734;5483;11129;3134;372;1307;372;490;1325
wijk;ES;Van Lennepbuurt;20220324;20230101;485;2583;5320;10046;4135;689;1012;738;491;2081
wijk;ET;Overtoomse Sluis;20220324;20230101;271;1796;5206;10675;3192;281;539;281;541;1927
wijk;EU;Helmersbuurt;20220324;20230101;252;2665;4989;9889;4095;385;770;451;261;2267
wijk;EV;Vondelparkbuurt;20220324;20230101;153;2683;4654;9577;4079;153;643;184;337;2202
wijk;FA;Sloterdijk Nieuw-West;20220324;20230101;625;1069;3202;8428;1329;840;773;680;801;1122
wijk;FB;Geuzenveld;20220324;20230101;262;2966;867;8067;969;438;744;397;342;809
wijk;FC;Slotermeer-West;20220324;20230101;252;2871;1940;8727;1074;254;1019;291;357;671
wijk;FD;Slotermeer-Noordoost;20220324;20230101;223;1702;2760;9102;1076;402;758;262;438;638
wijk;FE;Slotermeer-Zuidoost;20220324;20230101;247;2496;2867;9678;1630;282;788;278;579;1110
wijk;FF;Lutkemeer/Ookmeer;20220324;20230101;250;1050;321;7464;1412;804;1212;1030;1228;1066
wijk;FG;De Aker;20220324;20230101;260;996;1649;9982;1568;1107;1064;1129;261;1579
wijk;FH;De Punt;20220324;20230101;401;709;928;9313;1728;647;754;602;529;2075
wijk;FJ;Osdorp-Midden;20220324;20230101;207;1213;1187;9576;1398;233;1275;243;259;1861
wijk;FK;Osdorp-Oost;20220324;20230101;267;1918;1767;10140;2083;362;1009;370;333;2032
wijk;FL;Slotervaart-Noord;20220324;20230101;350;2820;3739;11233;2830;444;1174;452;529;929
wijk;FM;Overtoomse Veld;20220324;20230101;266;2406;4323;11358;3176;350;802;438;344;592
wijk;FN;Slotervaart-Zuid;20220324;20230101;531;2008;3478;12263;2003;564;1963;614;619;1203
wijk;FP;Westlandgracht;20220324;20230101;483;1116;4047;12299;2157;530;1576;924;547;1297
wijk;FQ;Sloten/Nieuw-Sloten;20220324;20230101;234;1281;2404;11659;1181;304;921;295;371;725
wijk;KA;Hoofddorppleinbuurt;20220324;20230101;269;667;4723;11564;2031;541;1340;541;437;1335
wijk;KB;Schinkelbuurt;20220324;20230101;392;783;4712;11146;2156;444;1060;444;420;942
wijk;KC;Willemspark;20220324;20230101;245;1276;4393;10602;2633;390;788;435;274;1231
wijk;KD;Museumkwartier;20220324;20230101;345;2458;3741;9339;3780;346;1116;406;439;1397
wijk;KE;Oude Pijp;20220324;20230101;300;2886;3429;8284;4655;300;1818;322;486;885
wijk;KF;Nieuwe Pijp;20220324;20230101;332;2419;3062;8450;4625;441;1482;461;785;589
wijk;KG;Zuid Pijp;20220324;20230101;601;2024;2918;8474;4935;686;1096;717;1007;727
wijk;KH;Stadionbuurt;20220324;20230101;372;848;3948;11009;1982;662;396;783;697;790
wijk;KJ;Apollobuurt;20220324;20230101;233;1548;3156;10112;2907;399;544;650;311;1405
wijk;KK;Scheldebuurt;20220324;20230101;476;1512;1999;8944;4303;583;803;583;1010;1015
wijk;KL;IJselbuurt;20220324;20230101;633;1663;2634;8403;4930;777;750;886;845;1091
wijk;KM;Rijnbuurt;20220324;20230101;258;1060;2050;8612;5006;323;409;328;447;1283
wijk;KN;Prinses Irenebuurt e.o.;20220324;20230101;368;998;2831;10045;2539;458;689;458;774;1482
wijk;KP;Zuidas;20220324;20230101;358;1413;2135;9347;3092;664;390;664;1058;1366
wijk;KQ;Buitenveldert-West;20220324;20230101;244;1732;2296;8995;2608;272;634;277;488;1081
wijk;KR;Buitenveldert-Oost;20220324;20230101;251;1432;1325;8584;3611;256;505;312;319;1326
wijk;MA;Oostelijk Havengebied;20220324;20230101;421;3041;3010;4814;2496;546;1644;887;494;1809
wijk;MB;Weesperzijde;20220324;20230101;190;2533;3643;7395;4785;196;1591;790;190;1406
wijk;MC;Oosterparkbuurt;20220324;20230101;282;2415;4195;6784;4406;282;1467;295;645;1041
wijk;MD;Transvaalbuurt;20220324;20230101;227;1822;3807;6802;4057;567;1267;629;233;1008
wijk;ME;Dapperbuurt;20220324;20230101;371;2256;4214;5943;3624;372;1349;377;807;764
wijk;MF;Indische Buurt-West;20220324;20230101;680;2353;3838;5360;3143;680;1506;707;878;1294
wijk;MG;Indische Buurt-Oost;20220324;20230101;313;2436;3443;4824;2719;313;1226;313;1124;1741
wijk;MH;Zeeburgereiland/Bovendiep;20220324;20230101;294;1767;1614;2966;2584;974;310;977;1683;1734
wijk;MJ;IJburg-West;20220324;20230101;260;2900;4067;2547;846;442;1746;645;295;1650
wijk;MK;IJburg-Oost;20220324;20230101;341;4453;3920;708;656;585;1100;836;347;3644
wijk;ML;IJburg-Zuid;20220324;20230101;238;3998;4311;1102;988;244;731;430;250;2863
wijk;MM;Frankendael;20220324;20230101;252;1121;3415;7094;4068;345;745;432;360;778
wijk;MN;Middenmeer;20220324;20230101;296;1133;4300;5902;2778;357;489;585;518;879
wijk;MP;Betondorp;20220324;20230101;392;479;3878;6235;2937;459;572;784;510;681
wijk;MQ;Omval/Overamstel;20220324;20230101;322;1454;2213;8005;4947;345;947;372;385;1285
wijk;NA;Oostzanerwerf;20220324;20230101;460;2129;1556;2749;1686;1075;898;1270;1133;506
wijk;NB;Noordelijke IJ-oevers-West;20220324;20230101;285;2103;2804;5707;2321;900;1746;918;365;1485
wijk;NC;Tuindorp Oostzaan;20220324;20230101;394;2180;1523;4033;2341;531;830;1093;431;1201
wijk;ND;Kadoelen;20220324;20230101;509;1249;571;2749;2723;835;1033;1239;808;789
wijk;NE;Banne Buiksloot;20220324;20230101;222;793;1510;3738;2450;237;648;510;353;1015
wijk;NF;Nieuwendammerdijk/Buiksloterdijk;20220324;20230101;174;663;1660;4665;393;195;745;341;512;827
wijk;NG;Elzenhagen;20220324;20230101;291;678;2434;4216;1790;384;706;1059;375;1298
wijk;NH;Buikslotermeer;20220324;20230101;192;1073;1892;4484;1393;227;833;531;238;651
wijk;NJ;Waterlandpleinbuurt;20220324;20230101;236;1167;958;3859;1110;305;825;280;390;630
wijk;NK;Volewijck;20220324;20230101;205;1286;2732;5631;1257;284;1226;309;522;721
wijk;NL;IJplein/Vogelbuurt;20220324;20230101;217;2099;3167;6255;755;265;1664;408;262;925
wijk;NM;Tuindorp Buiksloot;20220324;20230101;286;1049;2158;5226;429;286;754;330;612;838
wijk;NN;Tuindorp Nieuwendam;20220324;20230101;184;434;1033;4124;387;272;1246;287;276;900
wijk;NP;Noordelijke IJ-oevers-Oost;20220324;20230101;460;1964;2963;6051;552;547;1615;609;462;741
wijk;NQ;Waterland;20220324;20230101;245;568;469;2806;2710;1840;1500;2697;2156;1812
wijk;SA;Driemond;20220324;20230101;202;666;357;5073;1308;415;359;1410;432;428
wijk;SB;Bloemendalerpolder;20220324;20230101;1017;1163;2840;4660;3283;1812;1536;1831;1965;1927
wijk;SC;Weesp-Noordwest;20220324;20230101;702;1442;2548;4679;3179;1257;727;1258;1456;1732
wijk;SD;Weesp Binnenstad/Zuid;20220324;20230101;417;1179;2591;4061;3560;438;1159;439;591;1118
wijk;SE;Aetsveld/Oostelijke Vechtoever;20220324;20230101;800;1634;3123;3474;3726;1080;1945;1115;1098;1883
wijk;TA;Amstel III/Bullewijk;20220324;20230101;735;3443;1975;3034;1674;738;1634;745;1195;1621
wijk;TB;Venserpolder;20220324;20230101;485;2736;2908;6058;2455;529;649;538;755;1782
wijk;TC;Amsterdamse Poort e.o.;20220324;20230101;199;2846;3721;5809;1990;201;1141;227;378;1425
wijk;TD;H-buurt;20220324;20230101;325;4115;3256;4536;2591;325;839;325;1078;1535
wijk;TE;Ganzenhoef e.o.;20220324;20230101;206;2071;3550;5311;899;281;1794;305;329;416
wijk;TF;Geerdinkhof/Kantershof;20220324;20230101;142;2197;2711;4513;345;142;1967;180;640;781
wijk;TG;Bijlmermuseum;20220324;20230101;125;2724;2633;5016;942;125;1520;125;808;1020
wijk;TH;K-buurt;20220324;20230101;239;3032;2744;5429;1323;239;1192;239;869;1242
wijk;TJ;Holendrecht;20220324;20230101;494;3528;1942;3764;1440;494;1421;494;1300;904
wijk;TK;Nellestein;20220324;20230101;175;2764;1923;5149;1669;177;1519;177;1281;707
wijk;TL;Reigersbos;20220324;20230101;214;2900;1263;4480;580;214;1399;260;520;1007
wijk;TM;Gein;20220324;20230101;208;2699;1689;5499;540;208;2433;296;641;1459
